source_key,meslek,seviye,sektör,MYK kodu,bağlı yeterlilik,fiyatlandırma türü,fiyat seçenekleri,KDV,belge basım ücreti,kaynak PDF,kaynak sayfa,PDF grubu,doğrulama sonucu,fark/açıklama,kurum kararı,yayına uygunluk
fee:guzellik-sac-bakim:4:guzellik-uzmani,Güzellik Uzmanı,4,guzellik-sac-bakim (Güzellik ve Saç Bakım),16UY0244-4/02,Güzellik Uzmanı [16UY0244-4/02],single,"Sınav ücreti: 17.000,00 TL",KDV dahil (manifest) — PDF'de KDV ifadesi YOK,"1.500,00 TL (fiyatlara dahil değil)",2026 GÜZELLİK FİYAT LİSTESİ (1) (1).pdf,2,GÜZELLİK VE KUAFÖRLÜK GRUBU MESLEKLERİMİZ,DECISION_REQUIRED,"[DECISION] KDV: manifest vat_included=true ama ""2026 GÜZELLİK FİYAT LİSTESİ (1) (1).pdf"" hiçbir sayfasında KDV ifadesi yok (kaynak: yalnız fees.js başlık yorumu); kurumdan yazılı teyit gerekir",BEKLIYOR,ENGEL: KDV kanıtı yok
fee:guzellik-sac-bakim:4:epilasyon-uzmani,Epilasyon Uzmanı,4,guzellik-sac-bakim (Güzellik ve Saç Bakım),18UY0344-4/00,Epilasyon Uzmanı [18UY0344-4/00],single,"Sınav ücreti: 13.500,00 TL",KDV dahil (manifest) — PDF'de KDV ifadesi YOK,"1.500,00 TL (fiyatlara dahil değil)",2026 GÜZELLİK FİYAT LİSTESİ (1) (1).pdf,2,GÜZELLİK VE KUAFÖRLÜK GRUBU MESLEKLERİMİZ,DECISION_REQUIRED,"[DECISION] KDV: manifest vat_included=true ama ""2026 GÜZELLİK FİYAT LİSTESİ (1) (1).pdf"" hiçbir sayfasında KDV ifadesi yok (kaynak: yalnız fees.js başlık yorumu); kurumdan yazılı teyit gerekir",BEKLIYOR,ENGEL: KDV kanıtı yok
fee:guzellik-sac-bakim:4:kuafor,Kuaför,4,guzellik-sac-bakim (Güzellik ve Saç Bakım),16UY0245-4/02,Kuaför [16UY0245-4/02],package,"A1+B1+B2: 15.750,00 TL | A1+B1+B2+B4+B5: 24.750,00 TL",KDV dahil (manifest) — PDF'de KDV ifadesi YOK,"1.500,00 TL (fiyatlara dahil değil)",2026 GÜZELLİK FİYAT LİSTESİ (1) (1).pdf,2,GÜZELLİK VE KUAFÖRLÜK GRUBU MESLEKLERİMİZ,DECISION_REQUIRED,"[DECISION] KDV: manifest vat_included=true ama ""2026 GÜZELLİK FİYAT LİSTESİ (1) (1).pdf"" hiçbir sayfasında KDV ifadesi yok (kaynak: yalnız fees.js başlık yorumu); kurumdan yazılı teyit gerekir",BEKLIYOR,ENGEL: KDV kanıtı yok
fee:guzellik-sac-bakim:3:cilt-bakim-uygulayicisi,Cilt Bakım Uygulayıcısı,3,guzellik-sac-bakim (Güzellik ve Saç Bakım),17UY0280-3/01,Cilt Bakım Uygulayıcısı [17UY0280-3/01],single,"Sınav ücreti: 8.250,00 TL",KDV dahil (manifest) — PDF'de KDV ifadesi YOK,"1.500,00 TL (fiyatlara dahil değil)",2026 GÜZELLİK FİYAT LİSTESİ (1) (1).pdf,2,GÜZELLİK VE KUAFÖRLÜK GRUBU MESLEKLERİMİZ,DECISION_REQUIRED,"[DECISION] KDV: manifest vat_included=true ama ""2026 GÜZELLİK FİYAT LİSTESİ (1) (1).pdf"" hiçbir sayfasında KDV ifadesi yok (kaynak: yalnız fees.js başlık yorumu); kurumdan yazılı teyit gerekir",BEKLIYOR,ENGEL: KDV kanıtı yok
fee:guzellik-sac-bakim:3:makyaj-uygulayicisi,Makyaj Uygulayıcısı,3,guzellik-sac-bakim (Güzellik ve Saç Bakım),16UY0242-3/02,Makyaj Uygulayıcısı [16UY0242-3/02],unit,"Standart Makyaj Uygulayıcısı (A1+B1): 9.750,00 TL | Kalıcı Makyaj Uygulayıcısı (A1+B2): 9.750,00 TL",KDV dahil (manifest) — PDF'de KDV ifadesi YOK,"1.500,00 TL (fiyatlara dahil değil)",2026 GÜZELLİK FİYAT LİSTESİ (1) (1).pdf,2,GÜZELLİK VE KUAFÖRLÜK GRUBU MESLEKLERİMİZ,DECISION_REQUIRED,"[DECISION] KDV: manifest vat_included=true ama ""2026 GÜZELLİK FİYAT LİSTESİ (1) (1).pdf"" hiçbir sayfasında KDV ifadesi yok (kaynak: yalnız fees.js başlık yorumu); kurumdan yazılı teyit gerekir",BEKLIYOR,ENGEL: KDV kanıtı yok
fee:guzellik-sac-bakim:3:protez-tirnak-uygulayicisi,Protez Tırnak Uygulayıcısı,3,guzellik-sac-bakim (Güzellik ve Saç Bakım),16UY0247-3/00,Protez Tırnak Uygulayıcısı [16UY0247-3/00],single,"Sınav ücreti: 14.250,00 TL",KDV dahil (manifest) — PDF'de KDV ifadesi YOK,"1.500,00 TL (fiyatlara dahil değil)",2026 GÜZELLİK FİYAT LİSTESİ (1) (1).pdf,2,GÜZELLİK VE KUAFÖRLÜK GRUBU MESLEKLERİMİZ,DECISION_REQUIRED,"[DECISION] KDV: manifest vat_included=true ama ""2026 GÜZELLİK FİYAT LİSTESİ (1) (1).pdf"" hiçbir sayfasında KDV ifadesi yok (kaynak: yalnız fees.js başlık yorumu); kurumdan yazılı teyit gerekir",BEKLIYOR,ENGEL: KDV kanıtı yok
fee:guzellik-sac-bakim:3:kozmetik-urunler-tanitim-ve-uygulama-elemani,Kozmetik Ürünler Tanıtım ve Uygulama Elemanı,3,guzellik-sac-bakim (Güzellik ve Saç Bakım),17UY0286-3/01,Kozmetik Ürünler Tanıtım ve Uygulama Elemanı [17UY0286-3/01],single,"Sınav ücreti: 6.450,00 TL",KDV dahil (manifest) — PDF'de KDV ifadesi YOK,"1.500,00 TL (fiyatlara dahil değil)",2026 GÜZELLİK FİYAT LİSTESİ (1) (1).pdf,2,GÜZELLİK VE KUAFÖRLÜK GRUBU MESLEKLERİMİZ,DECISION_REQUIRED,"[DECISION] KDV: manifest vat_included=true ama ""2026 GÜZELLİK FİYAT LİSTESİ (1) (1).pdf"" hiçbir sayfasında KDV ifadesi yok (kaynak: yalnız fees.js başlık yorumu); kurumdan yazılı teyit gerekir",BEKLIYOR,ENGEL: KDV kanıtı yok
fee:makine:3:makine-bakimci,Makine Bakımcı,3,makine (Makine),10UY0002-3/03,Makine Bakımcı [10UY0002-3/03],unit,"Tek birim fiyatı (B1 veya B2): 10.500,00 TL | B1+B2 (birlikte): 20.250,00 TL",KDV dahil (PDF: %20),"1.500,00 TL (fiyatlara dahil değil)",2026 YENİ MESLEKLİ ÜCRET TARİFESİ.pdf,1,MAKİNE GRUBU,VERIFIED,"PDF ile tutarlı (fiyat, birim, sayfa, seviye, KDV, belge basım); bağlantı qualifications.manifest ile tutarlı",BEKLIYOR,UYGUN ADAY — yalnız kurum onayı sonrası (varsayılan: yayına ALINMAZ)
fee:makine:4:makine-bakimci,Makine Bakımcı,4,makine (Makine),10UY0002-4/03,Makine Bakımcı [10UY0002-4/03],unit,"B1-Önleyici Bakım: 11.250,00 TL | B2-Düzeltici Bakım: 12.000,00 TL | B1+B2 (birlikte): 22.500,00 TL",KDV dahil (PDF: %20),"1.500,00 TL (fiyatlara dahil değil)",2026 YENİ MESLEKLİ ÜCRET TARİFESİ.pdf,1,MAKİNE GRUBU,VERIFIED,"PDF ile tutarlı (fiyat, birim, sayfa, seviye, KDV, belge basım); bağlantı qualifications.manifest ile tutarlı",BEKLIYOR,UYGUN ADAY — yalnız kurum onayı sonrası (varsayılan: yayına ALINMAZ)
fee:makine:5:makine-bakimci,Makine Bakımcı,5,makine (Makine),10UY0002-5/03,Makine Bakımcı [10UY0002-5/03],unit,"B1-Önleyici Bakım (tek birim): 14.250,00 TL | B2-Düzeltici Bakım (tek birim): 15.000,00 TL | B3-Kestirme (tek birim): 11.250,00 TL",KDV dahil (PDF: %20),"1.500,00 TL (fiyatlara dahil değil)",2026 YENİ MESLEKLİ ÜCRET TARİFESİ.pdf,1,MAKİNE GRUBU,VERIFIED,"PDF ile tutarlı (fiyat, birim, sayfa, seviye, KDV, belge basım); bağlantı qualifications.manifest ile tutarlı",BEKLIYOR,UYGUN ADAY — yalnız kurum onayı sonrası (varsayılan: yayına ALINMAZ)
fee:makine:3:nc-cnc-tezg-h-iscisi,NC/CNC Tezgâh İşçisi,3,makine (Makine),14UY0202-3/01,NC/CNC Tezgâh İşçisi [14UY0202-3/01],single,"Sınav ücreti (B1-Tornalama, B2-Frezeleme): 10.500,00 TL",KDV dahil (PDF: %20),"1.500,00 TL (fiyatlara dahil değil)",2026 YENİ MESLEKLİ ÜCRET TARİFESİ.pdf,1,MAKİNE GRUBU,VERIFIED,"PDF ile tutarlı (fiyat, birim, sayfa, seviye, KDV, belge basım); bağlantı qualifications.manifest ile tutarlı",BEKLIYOR,UYGUN ADAY — yalnız kurum onayı sonrası (varsayılan: yayına ALINMAZ)
fee:makine:4:nc-cnc-tezg-h-iscisi,NC/CNC Tezgâh İşçisi,4,makine (Makine),14UY0202-4/01,NC/CNC Tezgâh İşçisi [14UY0202-4/01],single,"Sınav ücreti (B1-Tornalama, B2-Frezeleme): 11.250,00 TL",KDV dahil (PDF: %20),"1.500,00 TL (fiyatlara dahil değil)",2026 YENİ MESLEKLİ ÜCRET TARİFESİ.pdf,1,MAKİNE GRUBU,VERIFIED,"PDF ile tutarlı (fiyat, birim, sayfa, seviye, KDV, belge basım); bağlantı qualifications.manifest ile tutarlı",BEKLIYOR,UYGUN ADAY — yalnız kurum onayı sonrası (varsayılan: yayına ALINMAZ)
fee:makine:4:tel-makineleri-operatoru,Tel Makineleri Operatörü,4,makine (Makine),18UY0351-4/00,Tel Makineleri Operatörü [18UY0351-4/00],single,"Sınav ücreti (B1-Tel Çekme, B2-Tel Örme): 13.650,00 TL",KDV dahil (PDF: %20),"1.500,00 TL (fiyatlara dahil değil)",2026 YENİ MESLEKLİ ÜCRET TARİFESİ.pdf,1,MAKİNE GRUBU,VERIFIED,"PDF ile tutarlı (fiyat, birim, sayfa, seviye, KDV, belge basım); bağlantı qualifications.manifest ile tutarlı",BEKLIYOR,UYGUN ADAY — yalnız kurum onayı sonrası (varsayılan: yayına ALINMAZ)
fee:makine:3:makine-montajcisi,Makine Montajcısı,3,makine (Makine),12UY0105-3/00,Makine Montajcısı [12UY0105-3/00],single,"Sınav ücreti: 13.500,00 TL",KDV dahil (PDF: %20),"1.500,00 TL (fiyatlara dahil değil)",2026 YENİ MESLEKLİ ÜCRET TARİFESİ.pdf,1,MAKİNE GRUBU,VERIFIED,"PDF ile tutarlı (fiyat, birim, sayfa, seviye, KDV, belge basım); bağlantı qualifications.manifest ile tutarlı",BEKLIYOR,UYGUN ADAY — yalnız kurum onayı sonrası (varsayılan: yayına ALINMAZ)
fee:makine:3:tornaci,Tornacı,3,makine (Makine),15UY0227-3/00,Tornacı [15UY0227-3/00],single,"Sınav ücreti: 13.000,00 TL",KDV dahil (PDF: %20),"1.500,00 TL (fiyatlara dahil değil)",2026 YENİ MESLEKLİ ÜCRET TARİFESİ.pdf,1,MAKİNE GRUBU,VERIFIED,"PDF ile tutarlı (fiyat, birim, sayfa, seviye, KDV, belge basım); bağlantı qualifications.manifest ile tutarlı",BEKLIYOR,UYGUN ADAY — yalnız kurum onayı sonrası (varsayılan: yayına ALINMAZ)
fee:makine:3:frezeci,Frezeci,3,makine (Makine),12UY0081-3/00,Frezeci [12UY0081-3/00],single,"Sınav ücreti: 10.800,00 TL",KDV dahil (PDF: %20),"1.500,00 TL (fiyatlara dahil değil)",2026 YENİ MESLEKLİ ÜCRET TARİFESİ.pdf,1,MAKİNE GRUBU,VERIFIED,"PDF ile tutarlı (fiyat, birim, sayfa, seviye, KDV, belge basım); bağlantı qualifications.manifest ile tutarlı",BEKLIYOR,UYGUN ADAY — yalnız kurum onayı sonrası (varsayılan: yayına ALINMAZ)
fee:enerji:3:sicak-su-kazani-operatoru,Sıcak Su Kazanı Operatörü,3,enerji (Enerji),,— (bağlantısız),single,"Tek birim fiyatı (B1/B2/B3 — yakıt tipine göre): 11.250,00 TL",KDV dahil (PDF: %20),"1.500,00 TL (fiyatlara dahil değil)",2026 YENİ MESLEKLİ ÜCRET TARİFESİ.pdf,1,ENERJİ GRUBU,DECISION_REQUIRED,"[DECISION] MYK kodu yok: PDF'lerde MYK kodu sütunu yok, manifest bilinçli olarak bağlantısız (qualification_source_key=null)",BEKLIYOR,ENGEL: MYK kodu/bağlantı kararı bekliyor
fee:enerji:4:kizgin-yag-operatoru,Kızgın Yağ Operatörü,4,enerji (Enerji),,— (bağlantısız),single,"Tek birim fiyatı (B1/B2/B3 — yakıt tipine göre): 13.250,00 TL",KDV dahil (PDF: %20),"1.500,00 TL (fiyatlara dahil değil)",2026 YENİ MESLEKLİ ÜCRET TARİFESİ.pdf,1,ENERJİ GRUBU,DECISION_REQUIRED,"[DECISION] MYK kodu yok: PDF'lerde MYK kodu sütunu yok, manifest bilinçli olarak bağlantısız (qualification_source_key=null)",BEKLIYOR,ENGEL: MYK kodu/bağlantı kararı bekliyor
fee:enerji:4:buhar-kazani-operatoru,Buhar Kazanı Operatörü,4,enerji (Enerji),,— (bağlantısız),single,"Tek birim fiyatı (B1/B2/B3 — yakıt tipine göre): 14.500,00 TL",KDV dahil (PDF: %20),"1.500,00 TL (fiyatlara dahil değil)",2026 YENİ MESLEKLİ ÜCRET TARİFESİ.pdf,1,ENERJİ GRUBU,DECISION_REQUIRED,"[DECISION] MYK kodu yok: PDF'lerde MYK kodu sütunu yok, manifest bilinçli olarak bağlantısız (qualification_source_key=null)",BEKLIYOR,ENGEL: MYK kodu/bağlantı kararı bekliyor
fee:lojistik:3:koprulu-vinc-operatoru,Köprülü Vinç Operatörü,3,lojistik (Lojistik),,— (bağlantısız),single,"Sınav ücreti: 10.500,00 TL",KDV dahil (PDF: %20),"1.500,00 TL (fiyatlara dahil değil)",2026 YENİ MESLEKLİ ÜCRET TARİFESİ.pdf,1,ULAŞTIRMA&LOJİSTİK GRUBU,DECISION_REQUIRED,"[DECISION] MYK kodu yok: PDF'lerde MYK kodu sütunu yok, manifest bilinçli olarak bağlantısız (qualification_source_key=null)",BEKLIYOR,ENGEL: MYK kodu/bağlantı kararı bekliyor
fee:lojistik:3:endustriyel-tasimaci,Endüstriyel Taşımacı,3,lojistik (Lojistik),13UY0145-3,Endüstriyel Taşımacı [13UY0145-3],single,"Sınav ücreti (B1-B5 birimlerinden seçime göre): 10.500,00 TL",KDV dahil (PDF: %20),"1.500,00 TL (fiyatlara dahil değil)",2026 YENİ MESLEKLİ ÜCRET TARİFESİ.pdf,1,ULAŞTIRMA&LOJİSTİK GRUBU,VERIFIED,"PDF ile tutarlı (fiyat, birim, sayfa, seviye, KDV, belge basım); bağlantı qualifications.manifest ile tutarlı",BEKLIYOR,UYGUN ADAY — yalnız kurum onayı sonrası (varsayılan: yayına ALINMAZ)
fee:lojistik:3:servis-araci-soforu,Servis Aracı Şoförü,3,lojistik (Lojistik),17UY0328-3,Servis Aracı Şoförü [17UY0328-3],single,"Sınav ücreti: 12.000,00 TL",KDV dahil (PDF: %20),"1.500,00 TL (fiyatlara dahil değil)",2026 YENİ MESLEKLİ ÜCRET TARİFESİ.pdf,1,ULAŞTIRMA&LOJİSTİK GRUBU,VERIFIED,"PDF ile tutarlı (fiyat, birim, sayfa, seviye, KDV, belge basım); bağlantı qualifications.manifest ile tutarlı",BEKLIYOR,UYGUN ADAY — yalnız kurum onayı sonrası (varsayılan: yayına ALINMAZ)
fee:lojistik:2:isaretci,İşaretçi,2,lojistik (Lojistik),15UY0218-2/01,İşaretçi [15UY0218-2/01],unit,"A2-Liman Sapancılık İşlemleri: 6.450,00 TL | B1-İş Organizasyonu ve Elleçleme İşlemleri: 9.100,00 TL",KDV dahil (PDF: %20),"1.500,00 TL (fiyatlara dahil değil)",2026 YENİ MESLEKLİ ÜCRET TARİFESİ.pdf,1,ULAŞTIRMA&LOJİSTİK GRUBU,VERIFIED,"PDF ile tutarlı (fiyat, birim, sayfa, seviye, KDV, belge basım); bağlantı qualifications.manifest ile tutarlı",BEKLIYOR,UYGUN ADAY — yalnız kurum onayı sonrası (varsayılan: yayına ALINMAZ)
fee:lojistik:3:liman-kuru-yuk-operasyon-elemani-puantor,Liman Kuru Yük Operasyon Elemanı/Puantör,3,lojistik (Lojistik),13UY0170-3/02,Liman Kuru Yük Operasyon Elemanı/Puantör [13UY0170-3/02],single,"Tek birim (B1-Gemi, B2-Saha, B3-Ambar ve CFS Puantörlüğü): 10.200,00 TL",KDV dahil (PDF: %20),"1.500,00 TL (fiyatlara dahil değil)",2026 YENİ MESLEKLİ ÜCRET TARİFESİ.pdf,1,ULAŞTIRMA&LOJİSTİK GRUBU,VERIFIED,"PDF ile tutarlı (fiyat, birim, sayfa, seviye, KDV, belge basım); bağlantı qualifications.manifest ile tutarlı",BEKLIYOR,UYGUN ADAY — yalnız kurum onayı sonrası (varsayılan: yayına ALINMAZ)
fee:is-makineleri:3:mobil-vinc-operatoru-mhc-sahil-ve-gemi-vinci,"Mobil Vinç Operatörü (MHC, Sahil ve Gemi Vinci)",3,is-makineleri (İş Makineleri),12UY0061-3/04,Mobil Vinç Operatörü [12UY0061-3/04],unit,"B1-İş Organizasyonu, Gemi/Yük ve Liman Elleçleme Sahalarını Tanıma: 14.800,00 TL | B2-Mobil Vinci Yürütme, Konumlandırma ve Yük Elleçleme: 14.800,00 TL | B3-Çok Amaçlı Vinçleri Kullanma: 10.200,00 TL | B4-Sahil ve/veya Gemi Vincini Kullanma: 14.800,00 TL",KDV dahil (PDF: %20),"1.500,00 TL (fiyatlara dahil değil)",2026 YENİ MESLEKLİ ÜCRET TARİFESİ.pdf,1,ULAŞTIRMA&LOJİSTİK GRUBU,DECISION_REQUIRED,"[INFO] sektör: PDF grubu ""ULAŞTIRMA&LOJİSTİK GRUBU"" (beklenen sektör: lojistik) ≠ manifest sektörü ""is-makineleri""; sektör MYK yeterlilik manifestinden gelir, PDF yalnız tarife düzenidir ;; [INFO] ücret adı yeterlilik adına parantez ayrımı ekler: ""Mobil Vinç Operatörü (MHC, Sahil ve Gemi Vinci)"" ↔ yeterlilik ""Mobil Vinç Operatörü"" ;; [DECISION] aynı yeterliliğe (12UY0061-3/04) 2 ücret kaydı bağlı; yeterlilik detayında hangisinin gösterileceği kurum kararı gerektirir",BEKLIYOR,UYGUN ADAY — yalnız kurum onayı sonrası (varsayılan: yayına ALINMAZ)
fee:is-makineleri:3:liman-rtg-operatoru,Liman RTG Operatörü,3,is-makineleri (İş Makineleri),17UY0268-3,Liman RTG Operatörü [17UY0268-3],single,"Sınav ücreti: 12.500,00 TL",KDV dahil (PDF: %20),"1.500,00 TL (fiyatlara dahil değil)",2026 YENİ MESLEKLİ ÜCRET TARİFESİ.pdf,1,ULAŞTIRMA&LOJİSTİK GRUBU,VERIFIED,"[INFO] sektör: PDF grubu ""ULAŞTIRMA&LOJİSTİK GRUBU"" (beklenen sektör: lojistik) ≠ manifest sektörü ""is-makineleri""; sektör MYK yeterlilik manifestinden gelir, PDF yalnız tarife düzenidir",BEKLIYOR,UYGUN ADAY — yalnız kurum onayı sonrası (varsayılan: yayına ALINMAZ)
fee:is-makineleri:3:liman-forklift-operatoru,Liman Forklift Operatörü,3,is-makineleri (İş Makineleri),12UY0088-3/04,Liman Forklift Operatörü [12UY0088-3/04],single,"Sınav ücreti: 9.000,00 TL",KDV dahil (PDF: %20),"1.500,00 TL (fiyatlara dahil değil)",2026 YENİ MESLEKLİ ÜCRET TARİFESİ.pdf,1,ULAŞTIRMA&LOJİSTİK GRUBU,VERIFIED,"[INFO] sektör: PDF grubu ""ULAŞTIRMA&LOJİSTİK GRUBU"" (beklenen sektör: lojistik) ≠ manifest sektörü ""is-makineleri""; sektör MYK yeterlilik manifestinden gelir, PDF yalnız tarife düzenidir",BEKLIYOR,UYGUN ADAY — yalnız kurum onayı sonrası (varsayılan: yayına ALINMAZ)
fee:lojistik:3:liman-pompa-ve-tank-saha-operatoru,Liman Pompa ve Tank Saha Operatörü,3,lojistik (Lojistik),12UY0063-3,Liman Pompa ve Tank Saha Operatörü [12UY0063-3],single,"Sınav ücreti: 12.500,00 TL",KDV dahil (PDF: %20),"1.500,00 TL (fiyatlara dahil değil)",2026 YENİ MESLEKLİ ÜCRET TARİFESİ.pdf,1,ULAŞTIRMA&LOJİSTİK GRUBU,VERIFIED,"PDF ile tutarlı (fiyat, birim, sayfa, seviye, KDV, belge basım); bağlantı qualifications.manifest ile tutarlı",BEKLIYOR,UYGUN ADAY — yalnız kurum onayı sonrası (varsayılan: yayına ALINMAZ)
fee:lojistik:4:liman-operasyon-planlamacisi,Liman Operasyon Planlamacısı,4,lojistik (Lojistik),15UY0220-4,Liman Operasyon Planlamacısı [15UY0220-4],single,"Sınav ücreti: 10.500,00 TL",KDV dahil (PDF: %20),"1.500,00 TL (fiyatlara dahil değil)",2026 YENİ MESLEKLİ ÜCRET TARİFESİ.pdf,1,ULAŞTIRMA&LOJİSTİK GRUBU,VERIFIED,"PDF ile tutarlı (fiyat, birim, sayfa, seviye, KDV, belge basım); bağlantı qualifications.manifest ile tutarlı",BEKLIYOR,UYGUN ADAY — yalnız kurum onayı sonrası (varsayılan: yayına ALINMAZ)
fee:is-makineleri:3:liman-saha-istif-makineleri-operatoru-crs-ve-ecs,Liman Saha İstif Makineleri Operatörü (CRS ve ECS),3,is-makineleri (İş Makineleri),12UY0064-3,Liman Saha İstif Makineleri Operatörü [12UY0064-3],single,"Sınav ücreti: 12.150,00 TL",KDV dahil (PDF: %20),"1.500,00 TL (fiyatlara dahil değil)",2026 YENİ MESLEKLİ ÜCRET TARİFESİ.pdf,1,ULAŞTIRMA&LOJİSTİK GRUBU,VERIFIED,"[INFO] sektör: PDF grubu ""ULAŞTIRMA&LOJİSTİK GRUBU"" (beklenen sektör: lojistik) ≠ manifest sektörü ""is-makineleri""; sektör MYK yeterlilik manifestinden gelir, PDF yalnız tarife düzenidir ;; [INFO] ücret adı yeterlilik adına parantez ayrımı ekler: ""Liman Saha İstif Makineleri Operatörü (CRS ve ECS)"" ↔ yeterlilik ""Liman Saha İstif Makineleri Operatörü""",BEKLIYOR,UYGUN ADAY — yalnız kurum onayı sonrası (varsayılan: yayına ALINMAZ)
fee:is-makineleri:3:liman-ssg-operatoru,Liman SSG Operatörü,3,is-makineleri (İş Makineleri),17UY0269-3,Liman SSG Operatörü [17UY0269-3],single,"Sınav ücreti: 12.500,00 TL",KDV dahil (PDF: %20),"1.500,00 TL (fiyatlara dahil değil)",2026 YENİ MESLEKLİ ÜCRET TARİFESİ.pdf,1,ULAŞTIRMA&LOJİSTİK GRUBU,VERIFIED,"[INFO] sektör: PDF grubu ""ULAŞTIRMA&LOJİSTİK GRUBU"" (beklenen sektör: lojistik) ≠ manifest sektörü ""is-makineleri""; sektör MYK yeterlilik manifestinden gelir, PDF yalnız tarife düzenidir",BEKLIYOR,UYGUN ADAY — yalnız kurum onayı sonrası (varsayılan: yayına ALINMAZ)
fee:is-makineleri:3:terminal-cekici-operatoru,Terminal Çekici Operatörü,3,is-makineleri (İş Makineleri),15UY0221-3,Terminal Çekici Operatörü [15UY0221-3],single,"Sınav ücreti: 12.150,00 TL",KDV dahil (PDF: %20),"1.500,00 TL (fiyatlara dahil değil)",2026 YENİ MESLEKLİ ÜCRET TARİFESİ.pdf,1,ULAŞTIRMA&LOJİSTİK GRUBU,VERIFIED,"[INFO] sektör: PDF grubu ""ULAŞTIRMA&LOJİSTİK GRUBU"" (beklenen sektör: lojistik) ≠ manifest sektörü ""is-makineleri""; sektör MYK yeterlilik manifestinden gelir, PDF yalnız tarife düzenidir",BEKLIYOR,UYGUN ADAY — yalnız kurum onayı sonrası (varsayılan: yayına ALINMAZ)
fee:metalurji:3:haddeci,Haddeci,3,metalurji (Metalurji),13UY0148-3/01,Haddeci [13UY0148-3/01],single,"Sınav ücreti: 12.000,00 TL",KDV dahil (PDF: %20),"1.500,00 TL (fiyatlara dahil değil)",2026 YENİ MESLEKLİ ÜCRET TARİFESİ.pdf,1,METALURJİ GRUBU,VERIFIED,"PDF ile tutarlı (fiyat, birim, sayfa, seviye, KDV, belge basım); bağlantı qualifications.manifest ile tutarlı",BEKLIYOR,UYGUN ADAY — yalnız kurum onayı sonrası (varsayılan: yayına ALINMAZ)
fee:metalurji:4:haddeci,Haddeci,4,metalurji (Metalurji),13UY0148-4/01,Haddeci [13UY0148-4/01],single,"Sınav ücreti (B1-Sıcak Haddeleme, B2-Soğuk Haddeleme): 13.000,00 TL",KDV dahil (PDF: %20),"1.500,00 TL (fiyatlara dahil değil)",2026 YENİ MESLEKLİ ÜCRET TARİFESİ.pdf,1,METALURJİ GRUBU,VERIFIED,"PDF ile tutarlı (fiyat, birim, sayfa, seviye, KDV, belge basım); bağlantı qualifications.manifest ile tutarlı",BEKLIYOR,UYGUN ADAY — yalnız kurum onayı sonrası (varsayılan: yayına ALINMAZ)
fee:metalurji:4:dokumcu,Dökümcü,4,metalurji (Metalurji),13UY0173-4/00,Dökümcü [13UY0173-4/00],single,"Sınav ücreti (B1-Ergitmek, B2-Döküm Yapmak): 12.000,00 TL",KDV dahil (PDF: %20),"1.500,00 TL (fiyatlara dahil değil)",2026 YENİ MESLEKLİ ÜCRET TARİFESİ.pdf,1,METALURJİ GRUBU,VERIFIED,"PDF ile tutarlı (fiyat, birim, sayfa, seviye, KDV, belge basım); bağlantı qualifications.manifest ile tutarlı",BEKLIYOR,UYGUN ADAY — yalnız kurum onayı sonrası (varsayılan: yayına ALINMAZ)
fee:metalurji:3:macaci,Maçacı,3,metalurji (Metalurji),13UY0178-3/00,Maçacı [13UY0178-3/00],single,"Sınav ücreti: 14.100,00 TL",KDV dahil (PDF: %20),"1.500,00 TL (fiyatlara dahil değil)",2026 YENİ MESLEKLİ ÜCRET TARİFESİ.pdf,1,METALURJİ GRUBU,VERIFIED,"PDF ile tutarlı (fiyat, birim, sayfa, seviye, KDV, belge basım); bağlantı qualifications.manifest ile tutarlı",BEKLIYOR,UYGUN ADAY — yalnız kurum onayı sonrası (varsayılan: yayına ALINMAZ)
fee:metalurji:3:refrakterci,Refrakterci,3,metalurji (Metalurji),12UY0070-3/00,Refrakterci [12UY0070-3/00],single,"Sınav ücreti: 10.500,00 TL",KDV dahil (PDF: %20),"1.500,00 TL (fiyatlara dahil değil)",2026 YENİ MESLEKLİ ÜCRET TARİFESİ.pdf,1,METALURJİ GRUBU,VERIFIED,"PDF ile tutarlı (fiyat, birim, sayfa, seviye, KDV, belge basım); bağlantı qualifications.manifest ile tutarlı",BEKLIYOR,UYGUN ADAY — yalnız kurum onayı sonrası (varsayılan: yayına ALINMAZ)
fee:metalurji:4:refrakterci,Refrakterci,4,metalurji (Metalurji),12UY0070-4/00,Refrakterci [12UY0070-4/00],single,"Sınav ücreti: 11.250,00 TL",KDV dahil (PDF: %20),"1.500,00 TL (fiyatlara dahil değil)",2026 YENİ MESLEKLİ ÜCRET TARİFESİ.pdf,1,METALURJİ GRUBU,VERIFIED,"PDF ile tutarlı (fiyat, birim, sayfa, seviye, KDV, belge basım); bağlantı qualifications.manifest ile tutarlı",BEKLIYOR,UYGUN ADAY — yalnız kurum onayı sonrası (varsayılan: yayına ALINMAZ)
fee:metalurji:4:izabeci,İzabeci,4,metalurji (Metalurji),13UY0149-4/00,İzabeci [13UY0149-4/00],single,"Sınav ücreti: 10.500,00 TL",KDV dahil (PDF: %20),"1.500,00 TL (fiyatlara dahil değil)",2026 YENİ MESLEKLİ ÜCRET TARİFESİ.pdf,1,METALURJİ GRUBU,VERIFIED,"PDF ile tutarlı (fiyat, birim, sayfa, seviye, KDV, belge basım); bağlantı qualifications.manifest ile tutarlı",BEKLIYOR,UYGUN ADAY — yalnız kurum onayı sonrası (varsayılan: yayına ALINMAZ)
fee:maden:3:kirma-eleme-tesis-operatoru,Kırma Eleme Tesis Operatörü,3,maden (Maden),16UY0265-3,Kırma Eleme Tesis Operatörü [16UY0265-3],single,"Sınav ücreti: 7.800,00 TL",KDV dahil (PDF: %20),"1.500,00 TL (fiyatlara dahil değil)",2026 YENİ MESLEKLİ ÜCRET TARİFESİ.pdf,2,MERMER &MADEN GRUBU,VERIFIED,"PDF ile tutarlı (fiyat, birim, sayfa, seviye, KDV, belge basım); bağlantı qualifications.manifest ile tutarlı",BEKLIYOR,UYGUN ADAY — yalnız kurum onayı sonrası (varsayılan: yayına ALINMAZ)
fee:mermer:3:mermer-dogaltas-ocakcisi,Mermer-Doğaltaş Ocakçısı,3,mermer (Mermer),16UY0266-3/01,Mermer Doğaltaş Ocakçısı [16UY0266-3/01],unit,"B1-Elmas Tel ile Blok Üretme: 10.500,00 TL | B2-Ana Kütlede Elmas Tel ile Büyük Kesim: 11.250,00 TL | B3-Ana Kütlede Delik Açma: 11.250,00 TL | B4-Kollu Kesme Yöntemi ile Kesim: 9.750,00 TL",KDV dahil (PDF: %20),"1.500,00 TL (fiyatlara dahil değil)",2026 YENİ MESLEKLİ ÜCRET TARİFESİ.pdf,2,MERMER &MADEN GRUBU,VERIFIED,"PDF ile tutarlı (fiyat, birim, sayfa, seviye, KDV, belge basım); bağlantı qualifications.manifest ile tutarlı",BEKLIYOR,UYGUN ADAY — yalnız kurum onayı sonrası (varsayılan: yayına ALINMAZ)
fee:mermer:3:mermer-dogaltas-imalat-elemani,Mermer-Doğaltaş İmalat Elemanı,3,mermer (Mermer),17UY0315-3/00,Mermer-Doğaltaş İmalat Elemanı [17UY0315-3/00],unit,"B1-Mini Sayalama, Monotel veya Monolama ile Kesim ve Blok Ebatlama ve Şekillendirme: 10.350,00 TL | B2-Levha Plakadan Ebatlı Taş Üretme: 10.350,00 TL | B3-Yüzey İşleme: 9.000,00 TL",KDV dahil (PDF: %20),"1.500,00 TL (fiyatlara dahil değil)",2026 YENİ MESLEKLİ ÜCRET TARİFESİ.pdf,2,MERMER &MADEN GRUBU,VERIFIED,"PDF ile tutarlı (fiyat, birim, sayfa, seviye, KDV, belge basım); bağlantı qualifications.manifest ile tutarlı",BEKLIYOR,UYGUN ADAY — yalnız kurum onayı sonrası (varsayılan: yayına ALINMAZ)
fee:mermer:4:mermer-dogaltas-ozel-imalat-elemani,Mermer-Doğaltaş Özel İmalat Elemanı,4,mermer (Mermer),16UY0267-4/01,Mermer-Doğaltaş Özel İmalat Elemanı [16UY0267-4/01],single,"Sınav ücreti: 12.150,00 TL",KDV dahil (PDF: %20),"1.500,00 TL (fiyatlara dahil değil)",2026 YENİ MESLEKLİ ÜCRET TARİFESİ.pdf,2,MERMER &MADEN GRUBU,VERIFIED,"PDF ile tutarlı (fiyat, birim, sayfa, seviye, KDV, belge basım); bağlantı qualifications.manifest ile tutarlı",BEKLIYOR,UYGUN ADAY — yalnız kurum onayı sonrası (varsayılan: yayına ALINMAZ)
fee:maden:3:yeralti-hazirlik-iscisi,Yeraltı Hazırlık İşçisi,3,maden (Maden),18UY0379-3,Yeraltı Hazırlık İşçisi [18UY0379-3],single,"Tek birim (B1-Klasik Sistemde Galeri Açma, B3-Çelik Bağ, B4-Ahşap Bağ ile Tahkimat): 13.650,00 TL",KDV dahil (PDF: %20),"1.500,00 TL (fiyatlara dahil değil)",2026 YENİ MESLEKLİ ÜCRET TARİFESİ.pdf,2,MERMER &MADEN GRUBU,VERIFIED,"PDF ile tutarlı (fiyat, birim, sayfa, seviye, KDV, belge basım); bağlantı qualifications.manifest ile tutarlı",BEKLIYOR,UYGUN ADAY — yalnız kurum onayı sonrası (varsayılan: yayına ALINMAZ)
fee:maden:4:yeralti-hazirlik-iscisi,Yeraltı Hazırlık İşçisi,4,maden (Maden),18UY0379-4,Yeraltı Hazırlık İşçisi [18UY0379-4],single,"Tek birim (B1-Klasik Sistemde Galeri Açma İşlemini Yürütme, B3-Çelik Bağ, B4-Ahşap Bağ ile Tahkimat Yaptırma): 14.250,00 TL",KDV dahil (PDF: %20),"1.500,00 TL (fiyatlara dahil değil)",2026 YENİ MESLEKLİ ÜCRET TARİFESİ.pdf,2,MERMER &MADEN GRUBU,VERIFIED,"PDF ile tutarlı (fiyat, birim, sayfa, seviye, KDV, belge basım); bağlantı qualifications.manifest ile tutarlı",BEKLIYOR,UYGUN ADAY — yalnız kurum onayı sonrası (varsayılan: yayına ALINMAZ)
fee:maden:4:mekanizasyon-iscisi-maden,Mekanizasyon İşçisi (Maden),4,maden (Maden),18UY0363-4,Mekanizasyon İşçisi (Maden) [18UY0363-4],single,"Sınav ücreti: 9.000,00 TL",KDV dahil (PDF: %20),"1.500,00 TL (fiyatlara dahil değil)",2026 YENİ MESLEKLİ ÜCRET TARİFESİ.pdf,2,MERMER &MADEN GRUBU,VERIFIED,"PDF ile tutarlı (fiyat, birim, sayfa, seviye, KDV, belge basım); bağlantı qualifications.manifest ile tutarlı",BEKLIYOR,UYGUN ADAY — yalnız kurum onayı sonrası (varsayılan: yayına ALINMAZ)
fee:mobilya:3:ahsap-mobilya-imalatcisi,Ahşap Mobilya İmalatçısı,3,mobilya (Mobilya),17UY0301-3/00,Ahşap Mobilya İmalatçısı [17UY0301-3/00],single,"Sınav ücreti: 9.000,00 TL",KDV dahil (PDF: %20),"1.500,00 TL (fiyatlara dahil değil)",2026 YENİ MESLEKLİ ÜCRET TARİFESİ.pdf,2,MOBİLYA GRUBU,VERIFIED,"PDF ile tutarlı (fiyat, birim, sayfa, seviye, KDV, belge basım); bağlantı qualifications.manifest ile tutarlı",BEKLIYOR,UYGUN ADAY — yalnız kurum onayı sonrası (varsayılan: yayına ALINMAZ)
fee:mobilya:4:ahsap-mobilya-imalatcisi,Ahşap Mobilya İmalatçısı,4,mobilya (Mobilya),17UY0301-4/00,Ahşap Mobilya İmalatçısı [17UY0301-4/00],single,"Sınav ücreti: 11.000,00 TL",KDV dahil (PDF: %20),"1.500,00 TL (fiyatlara dahil değil)",2026 YENİ MESLEKLİ ÜCRET TARİFESİ.pdf,2,MOBİLYA GRUBU,VERIFIED,"PDF ile tutarlı (fiyat, birim, sayfa, seviye, KDV, belge basım); bağlantı qualifications.manifest ile tutarlı",BEKLIYOR,UYGUN ADAY — yalnız kurum onayı sonrası (varsayılan: yayına ALINMAZ)
fee:mobilya:3:mobilya-dosemecisi,Mobilya Döşemecisi,3,mobilya (Mobilya),17UY0300-3/00,Mobilya Döşemecisi [17UY0300-3/00],single,"Tek birim (B1-Levha ve Kolan Üzerine Döşeme, B2-Yay Üzerine Döşeme): 9.750,00 TL",KDV dahil (PDF: %20),"1.500,00 TL (fiyatlara dahil değil)",2026 YENİ MESLEKLİ ÜCRET TARİFESİ.pdf,2,MOBİLYA GRUBU,VERIFIED,"PDF ile tutarlı (fiyat, birim, sayfa, seviye, KDV, belge basım); bağlantı qualifications.manifest ile tutarlı",BEKLIYOR,UYGUN ADAY — yalnız kurum onayı sonrası (varsayılan: yayına ALINMAZ)
fee:enerji:5:isletme-elektrik-bakimcisi,İşletme Elektrik Bakımcısı,5,enerji (Enerji),13UY0121-5,İşletme Elektrik Bakımcısı [13UY0121-5],multiple,"Tek birim fiyatı: 13.000,00 TL | B1-AG Tesislerinde Bakım Onarım + B2-Kurulum ve Söküm (birlikte): 25.100,00 TL",KDV dahil (PDF: %20),"1.500,00 TL (fiyatlara dahil değil)",2026 YENİ MESLEKLİ ÜCRET TARİFESİ.pdf,2,ELEKTRİK GRUBU,VERIFIED,"PDF ile tutarlı (fiyat, birim, sayfa, seviye, KDV, belge basım); bağlantı qualifications.manifest ile tutarlı",BEKLIYOR,UYGUN ADAY — yalnız kurum onayı sonrası (varsayılan: yayına ALINMAZ)
fee:enerji:3:elektrik-pano-montajcisi,Elektrik Pano Montajcısı,3,enerji (Enerji),12UY0075-3,Elektrik Pano Montajcısı [12UY0075-3],single,"Sınav ücreti: 11.250,00 TL",KDV dahil (PDF: %20),"1.500,00 TL (fiyatlara dahil değil)",2026 YENİ MESLEKLİ ÜCRET TARİFESİ.pdf,2,ELEKTRİK GRUBU,VERIFIED,"PDF ile tutarlı (fiyat, birim, sayfa, seviye, KDV, belge basım); bağlantı qualifications.manifest ile tutarlı",BEKLIYOR,UYGUN ADAY — yalnız kurum onayı sonrası (varsayılan: yayına ALINMAZ)
fee:enerji:3:elektrik-tesisatcisi,Elektrik Tesisatçısı,3,enerji (Enerji),15UY0241-3,Elektrik Tesisatçısı [15UY0241-3],single,"Sınav ücreti: 12.000,00 TL",KDV dahil (PDF: %20),"1.500,00 TL (fiyatlara dahil değil)",2026 YENİ MESLEKLİ ÜCRET TARİFESİ.pdf,2,ELEKTRİK GRUBU,VERIFIED,"PDF ile tutarlı (fiyat, birim, sayfa, seviye, KDV, belge basım); bağlantı qualifications.manifest ile tutarlı",BEKLIYOR,UYGUN ADAY — yalnız kurum onayı sonrası (varsayılan: yayına ALINMAZ)
fee:enerji:4:elektrik-tesisatcisi,Elektrik Tesisatçısı,4,enerji (Enerji),15UY0241-4,Elektrik Tesisatçısı [15UY0241-4],single,"Sınav ücreti: 13.500,00 TL",KDV dahil (PDF: %20),"1.500,00 TL (fiyatlara dahil değil)",2026 YENİ MESLEKLİ ÜCRET TARİFESİ.pdf,2,ELEKTRİK GRUBU,VERIFIED,"PDF ile tutarlı (fiyat, birim, sayfa, seviye, KDV, belge basım); bağlantı qualifications.manifest ile tutarlı",BEKLIYOR,UYGUN ADAY — yalnız kurum onayı sonrası (varsayılan: yayına ALINMAZ)
fee:enerji:3:elektro-mekanik-montaj-iscisi,Elektro-Mekanik Montaj İşçisi,3,enerji (Enerji),15UY0206-3,Elektro-Mekanik Montaj İşçisi [15UY0206-3],single,"Sınav ücreti: 13.500,00 TL",KDV dahil (PDF: %20),"1.500,00 TL (fiyatlara dahil değil)",2026 YENİ MESLEKLİ ÜCRET TARİFESİ.pdf,2,ELEKTRİK GRUBU,VERIFIED,"PDF ile tutarlı (fiyat, birim, sayfa, seviye, KDV, belge basım); bağlantı qualifications.manifest ile tutarlı",BEKLIYOR,UYGUN ADAY — yalnız kurum onayı sonrası (varsayılan: yayına ALINMAZ)
fee:plastik:3:plastik-enjeksiyon-uretim-elemani,Plastik Enjeksiyon Üretim Elemanı,3,plastik (Plastik),12UY0069-3/02,Plastik Enjeksiyon Üretim Elemanı [12UY0069-3/02],single,"Sınav ücreti: 13.500,00 TL",KDV dahil (PDF: %20),"1.500,00 TL (fiyatlara dahil değil)",2026 YENİ MESLEKLİ ÜCRET TARİFESİ.pdf,2,PLASTİK GRUBU,VERIFIED,"PDF ile tutarlı (fiyat, birim, sayfa, seviye, KDV, belge basım); bağlantı qualifications.manifest ile tutarlı",BEKLIYOR,UYGUN ADAY — yalnız kurum onayı sonrası (varsayılan: yayına ALINMAZ)
fee:plastik:3:plastik-sisirme-film-uretim-operatoru-ekstruzyon,Plastik Şişirme Film Üretim Operatörü (Ekstrüzyon),3,plastik (Plastik),13UY0143-3/01,Plastik Şişirme Film Üretim Operatörü (Ekstrüzyon) [13UY0143-3/01],single,"Sınav ücreti: 15.000,00 TL",KDV dahil (PDF: %20),"1.500,00 TL (fiyatlara dahil değil)",2026 YENİ MESLEKLİ ÜCRET TARİFESİ.pdf,2,PLASTİK GRUBU,VERIFIED,"PDF ile tutarlı (fiyat, birim, sayfa, seviye, KDV, belge basım); bağlantı qualifications.manifest ile tutarlı",BEKLIYOR,UYGUN ADAY — yalnız kurum onayı sonrası (varsayılan: yayına ALINMAZ)
fee:plastik:3:plastik-profil-uretim-operatoru-ekstruzyon,Plastik Profil Üretim Operatörü (Ekstrüzyon),3,plastik (Plastik),13UY0142-3/01,Plastik Profil Üretim Operatörü (Ekstrüzyon) [13UY0142-3/01],single,"Sınav ücreti: 12.500,00 TL",KDV dahil (PDF: %20),"1.500,00 TL (fiyatlara dahil değil)",2026 YENİ MESLEKLİ ÜCRET TARİFESİ.pdf,2,PLASTİK GRUBU,VERIFIED,"PDF ile tutarlı (fiyat, birim, sayfa, seviye, KDV, belge basım); bağlantı qualifications.manifest ile tutarlı",BEKLIYOR,UYGUN ADAY — yalnız kurum onayı sonrası (varsayılan: yayına ALINMAZ)
fee:cam:4:endustriyel-cam-isil-islem-elemani,Endüstriyel Cam Isıl İşlem Elemanı,4,cam (Cam),18UY0356-4,Endüstriyel Cam Isıl İşlem Elemanı [18UY0356-4],single,"Tek birim (B1-Düz Cam, B2-Bombeli Cam Isıl İşlem Uygulamaları): 8.700,00 TL",KDV dahil (PDF: %20),"1.500,00 TL (fiyatlara dahil değil)",2026 YENİ MESLEKLİ ÜCRET TARİFESİ.pdf,2,CAM GRUBU,VERIFIED,"PDF ile tutarlı (fiyat, birim, sayfa, seviye, KDV, belge basım); bağlantı qualifications.manifest ile tutarlı",BEKLIYOR,UYGUN ADAY — yalnız kurum onayı sonrası (varsayılan: yayına ALINMAZ)
fee:cam:4:endustriyel-cam-isleme-elemani,Endüstriyel Cam İşleme Elemanı,4,cam (Cam),18UY0357-4,Endüstriyel Cam İşleme Elemanı [18UY0357-4],single,"Tek birim (B1-Kenar İşleme, B3-Asit, B4-Kum, B5-Boyama Uygulamaları): 10.000,00 TL",KDV dahil (PDF: %20),"1.500,00 TL (fiyatlara dahil değil)",2026 YENİ MESLEKLİ ÜCRET TARİFESİ.pdf,2,CAM GRUBU,VERIFIED,"PDF ile tutarlı (fiyat, birim, sayfa, seviye, KDV, belge basım); bağlantı qualifications.manifest ile tutarlı",BEKLIYOR,UYGUN ADAY — yalnız kurum onayı sonrası (varsayılan: yayına ALINMAZ)
fee:cam:4:endustriyel-cam-kesim-elemani,Endüstriyel Cam Kesim Elemanı,4,cam (Cam),18UY0358-4,Endüstriyel Cam Kesim Elemanı [18UY0358-4],single,"Tek birim (B1-Düz Cam, B2-Lamine Cam Kesim Uygulamaları): 9.250,00 TL",KDV dahil (PDF: %20),"1.500,00 TL (fiyatlara dahil değil)",2026 YENİ MESLEKLİ ÜCRET TARİFESİ.pdf,2,CAM GRUBU,VERIFIED,"PDF ile tutarlı (fiyat, birim, sayfa, seviye, KDV, belge basım); bağlantı qualifications.manifest ile tutarlı",BEKLIYOR,UYGUN ADAY — yalnız kurum onayı sonrası (varsayılan: yayına ALINMAZ)
fee:metal:3:celik-kaynakcisi,Çelik Kaynakçısı,3,metal (Metal),11UY0010-3/04,Çelik Kaynakçısı [11UY0010-3/04],multiple,"Ana sınav ücreti (B1-Elektrotla Ark, B6-Metal-Ark Aktif Gaz (135), B7-Özlü Tel Metal Ark, B9-TIG Kaynağı): 7.500,00 TL | Sınavlı yenileme: 6.000,00 TL | İlave birim: 6.000,00 TL",KDV dahil (PDF: %20),"1.500,00 TL (fiyatlara dahil değil)",2026 YENİ MESLEKLİ ÜCRET TARİFESİ.pdf,3,METAL GRUBU,VERIFIED,"PDF ile tutarlı (fiyat, birim, sayfa, seviye, KDV, belge basım); bağlantı qualifications.manifest ile tutarlı",BEKLIYOR,UYGUN ADAY — yalnız kurum onayı sonrası (varsayılan: yayına ALINMAZ)
fee:metal:3:aluminyum-kaynakcisi,Alüminyum Kaynakçısı,3,metal (Metal),11UY0014-3/02,Alüminyum Kaynakçısı [11UY0014-3/02],single,"Sınav ücreti: 9.000,00 TL",KDV dahil (PDF: %20),"1.500,00 TL (fiyatlara dahil değil)",2026 YENİ MESLEKLİ ÜCRET TARİFESİ.pdf,3,METAL GRUBU,VERIFIED,"PDF ile tutarlı (fiyat, birim, sayfa, seviye, KDV, belge basım); bağlantı qualifications.manifest ile tutarlı",BEKLIYOR,UYGUN ADAY — yalnız kurum onayı sonrası (varsayılan: yayına ALINMAZ)
fee:metal:4:direnc-kaynak-ayarcisi,Direnç Kaynak Ayarcısı,4,metal (Metal),11UY0015-4/03,Direnç Kaynak Ayarcısı [11UY0015-4/03],single,"Sınav ücreti: 7.750,00 TL",KDV dahil (PDF: %20),"1.500,00 TL (fiyatlara dahil değil)",2026 YENİ MESLEKLİ ÜCRET TARİFESİ.pdf,3,METAL GRUBU,VERIFIED,"PDF ile tutarlı (fiyat, birim, sayfa, seviye, KDV, belge basım); bağlantı qualifications.manifest ile tutarlı",BEKLIYOR,UYGUN ADAY — yalnız kurum onayı sonrası (varsayılan: yayına ALINMAZ)
fee:metal:4:kaynak-operatoru,Kaynak Operatörü,4,metal (Metal),11UY0016-4/03,Kaynak Operatörü [11UY0016-4/03],single,"Sınav ücreti: 8.000,00 TL",KDV dahil (PDF: %20),"1.500,00 TL (fiyatlara dahil değil)",2026 YENİ MESLEKLİ ÜCRET TARİFESİ.pdf,3,METAL GRUBU,VERIFIED,"PDF ile tutarlı (fiyat, birim, sayfa, seviye, KDV, belge basım); bağlantı qualifications.manifest ile tutarlı",BEKLIYOR,UYGUN ADAY — yalnız kurum onayı sonrası (varsayılan: yayına ALINMAZ)
fee:metal:3:endustriyel-boru-montajcisi,Endüstriyel Boru Montajcısı,3,metal (Metal),11UY0013-3/02,Endüstriyel Boru Montajcısı [11UY0013-3/02],single,"Sınav ücreti: 12.000,00 TL",KDV dahil (PDF: %20),"1.500,00 TL (fiyatlara dahil değil)",2026 YENİ MESLEKLİ ÜCRET TARİFESİ.pdf,3,METAL GRUBU,VERIFIED,"PDF ile tutarlı (fiyat, birim, sayfa, seviye, KDV, belge basım); bağlantı qualifications.manifest ile tutarlı",BEKLIYOR,UYGUN ADAY — yalnız kurum onayı sonrası (varsayılan: yayına ALINMAZ)
fee:makine:3:metal-kesimci,Metal Kesimci,3,makine (Makine),12UY0083-3/02,Metal Kesimci [12UY0083-3/02],single,"Tek birim (B1-Giyotin, B2-Oksi-Gaz, B3-Şerit Testere, B4-Daire Testere, B6-Lazer, B7-Plazma Kesim): 9.000,00 TL",KDV dahil (PDF: %20),"1.500,00 TL (fiyatlara dahil değil)",2026 YENİ MESLEKLİ ÜCRET TARİFESİ.pdf,3,METAL GRUBU,VERIFIED,"[INFO] sektör: PDF grubu ""METAL GRUBU"" (beklenen sektör: metal) ≠ manifest sektörü ""makine""; sektör MYK yeterlilik manifestinden gelir, PDF yalnız tarife düzenidir",BEKLIYOR,UYGUN ADAY — yalnız kurum onayı sonrası (varsayılan: yayına ALINMAZ)
fee:makine:4:metal-kesim-operatoru,Metal Kesim Operatörü,4,makine (Makine),12UY0084-4/02,Metal Kesim Operatörü [12UY0084-4/02],single,"Tek birim (B1-Sac Kesme-Dilimleme, B3-Plazma Kesim): 10.500,00 TL",KDV dahil (PDF: %20),"1.500,00 TL (fiyatlara dahil değil)",2026 YENİ MESLEKLİ ÜCRET TARİFESİ.pdf,3,METAL GRUBU,VERIFIED,"[INFO] sektör: PDF grubu ""METAL GRUBU"" (beklenen sektör: metal) ≠ manifest sektörü ""makine""; sektör MYK yeterlilik manifestinden gelir, PDF yalnız tarife düzenidir",BEKLIYOR,UYGUN ADAY — yalnız kurum onayı sonrası (varsayılan: yayına ALINMAZ)
fee:makine:3:metal-levha-isleme-tezg-h-iscisi,Metal Levha İşleme Tezgâh İşçisi,3,makine (Makine),12UY0086-3/02,Metal Levha İşleme Tezgâh İşçisi [12UY0086-3/02],single,"Sınav ücreti (B2-Pres): 9.750,00 TL",KDV dahil (PDF: %20),"1.500,00 TL (fiyatlara dahil değil)",2026 YENİ MESLEKLİ ÜCRET TARİFESİ.pdf,3,METAL GRUBU,DECISION_REQUIRED,"[DECISION] ad: PDF ""METAL LEVHA TEZGÂH İŞÇİSİ"" ≠ manifest ""Metal Levha İşleme Tezgâh İşçisi"" (PDF kısaltma/yazım farkı; manifest adı MYK yeterlilik adına dayanır) ;; [INFO] sektör: PDF grubu ""METAL GRUBU"" (beklenen sektör: metal) ≠ manifest sektörü ""makine""; sektör MYK yeterlilik manifestinden gelir, PDF yalnız tarife düzenidir",BEKLIYOR,ENGEL: ad farkı kararı bekliyor
fee:makine:4:metal-levha-isleme-tezg-h-operatoru,Metal Levha İşleme Tezgâh Operatörü,4,makine (Makine),12UY0087-4/02,Metal Levha İşleme Tezgâh Operatörü [12UY0087-4/02],single,"Tek birim (B1-Abkant Pres, B2-Açık Profil Çekme/Rollform, B4-Punch Pres): 10.500,00 TL",KDV dahil (PDF: %20),"1.500,00 TL (fiyatlara dahil değil)",2026 YENİ MESLEKLİ ÜCRET TARİFESİ.pdf,3,METAL GRUBU,DECISION_REQUIRED,"[DECISION] ad: PDF ""METAL LEVHA İŞL. TEZGÂH OP."" ≠ manifest ""Metal Levha İşleme Tezgâh Operatörü"" (PDF kısaltma/yazım farkı; manifest adı MYK yeterlilik adına dayanır) ;; [INFO] sektör: PDF grubu ""METAL GRUBU"" (beklenen sektör: metal) ≠ manifest sektörü ""makine""; sektör MYK yeterlilik manifestinden gelir, PDF yalnız tarife düzenidir",BEKLIYOR,ENGEL: ad farkı kararı bekliyor
fee:metal:3:metal-kumlama-iscisi,Metal Kumlama İşçisi,3,metal (Metal),,— (bağlantısız),single,"Tek birim (B1-Püskürtme, B2-Makine/Tamburda Metal Kumlama): 9.750,00 TL",KDV dahil (PDF: %20),"1.500,00 TL (fiyatlara dahil değil)",2026 YENİ MESLEKLİ ÜCRET TARİFESİ.pdf,3,METAL GRUBU,DECISION_REQUIRED,"[DECISION] MYK kodu yok: PDF'lerde MYK kodu sütunu yok, manifest bilinçli olarak bağlantısız (qualification_source_key=null)",BEKLIYOR,ENGEL: MYK kodu/bağlantı kararı bekliyor
fee:metal:4:metal-yuzey-kaplamaci,Metal Yüzey Kaplamacı,4,metal (Metal),,— (bağlantısız),single,"Tek birim (B1-Eloksal, B2-Elektroliz, B3-Plastik, B4-Beton, B5-Sıcak Daldırma Kaplama): 15.500,00 TL",KDV dahil (PDF: %20),"1.500,00 TL (fiyatlara dahil değil)",2026 YENİ MESLEKLİ ÜCRET TARİFESİ.pdf,3,METAL GRUBU,DECISION_REQUIRED,"[DECISION] MYK kodu yok: PDF'lerde MYK kodu sütunu yok, manifest bilinçli olarak bağlantısız (qualification_source_key=null)",BEKLIYOR,ENGEL: MYK kodu/bağlantı kararı bekliyor
fee:insaat:3:ahsap-kalipci,Ahşap Kalıpçı,3,insaat (İnşaat),11UY0011-3/03,Ahşap Kalıpçı [11UY0011-3/03],single,"Sınav ücreti: 15.000,00 TL",KDV dahil (PDF: %20),"1.500,00 TL (fiyatlara dahil değil)",2026 YENİ MESLEKLİ ÜCRET TARİFESİ.pdf,3,İNŞAAT&İŞ MAKİNELERİ GRUBU,VERIFIED,"PDF ile tutarlı (fiyat, birim, sayfa, seviye, KDV, belge basım); bağlantı qualifications.manifest ile tutarlı",BEKLIYOR,UYGUN ADAY — yalnız kurum onayı sonrası (varsayılan: yayına ALINMAZ)
fee:insaat:3:alci-levha-uygulayicisi,Alçı Levha Uygulayıcısı,3,insaat (İnşaat),12UY0054-3/00,Alçı Levha Uygulayıcısı [12UY0054-3/00],single,"Sınav ücreti: 15.000,00 TL",KDV dahil (PDF: %20),"1.500,00 TL (fiyatlara dahil değil)",2026 YENİ MESLEKLİ ÜCRET TARİFESİ.pdf,3,İNŞAAT&İŞ MAKİNELERİ GRUBU,VERIFIED,"PDF ile tutarlı (fiyat, birim, sayfa, seviye, KDV, belge basım); bağlantı qualifications.manifest ile tutarlı",BEKLIYOR,UYGUN ADAY — yalnız kurum onayı sonrası (varsayılan: yayına ALINMAZ)
fee:insaat:3:alci-siva-uygulayicisi,Alçı Sıva Uygulayıcısı,3,insaat (İnşaat),12UY0055-3/00,Alçı Sıva Uygulayıcısı [12UY0055-3/00],single,"Sınav ücreti: 15.000,00 TL",KDV dahil (PDF: %20),"1.500,00 TL (fiyatlara dahil değil)",2026 YENİ MESLEKLİ ÜCRET TARİFESİ.pdf,3,İNŞAAT&İŞ MAKİNELERİ GRUBU,VERIFIED,"PDF ile tutarlı (fiyat, birim, sayfa, seviye, KDV, belge basım); bağlantı qualifications.manifest ile tutarlı",BEKLIYOR,UYGUN ADAY — yalnız kurum onayı sonrası (varsayılan: yayına ALINMAZ)
fee:insaat:3:betonarme-demircisi,Betonarme Demircisi,3,insaat (İnşaat),11UY0012-3/03,Betonarme Demircisi [11UY0012-3/03],single,"Sınav ücreti: 15.000,00 TL",KDV dahil (PDF: %20),"1.500,00 TL (fiyatlara dahil değil)",2026 YENİ MESLEKLİ ÜCRET TARİFESİ.pdf,3,İNŞAAT&İŞ MAKİNELERİ GRUBU,VERIFIED,"PDF ile tutarlı (fiyat, birim, sayfa, seviye, KDV, belge basım); bağlantı qualifications.manifest ile tutarlı",BEKLIYOR,UYGUN ADAY — yalnız kurum onayı sonrası (varsayılan: yayına ALINMAZ)
fee:insaat:3:duvarci,Duvarcı,3,insaat (İnşaat),12UY0048-3/01,Duvarcı [12UY0048-3/01],single,"Sınav ücreti: 14.500,00 TL",KDV dahil (PDF: %20),"1.500,00 TL (fiyatlara dahil değil)",2026 YENİ MESLEKLİ ÜCRET TARİFESİ.pdf,3,İNŞAAT&İŞ MAKİNELERİ GRUBU,VERIFIED,"PDF ile tutarlı (fiyat, birim, sayfa, seviye, KDV, belge basım); bağlantı qualifications.manifest ile tutarlı",BEKLIYOR,UYGUN ADAY — yalnız kurum onayı sonrası (varsayılan: yayına ALINMAZ)
fee:insaat:3:insaat-boyacisi,İnşaat Boyacısı,3,insaat (İnşaat),11UY0023-3/02,İnşaat Boyacısı [11UY0023-3/02],single,"Sınav ücreti: 12.000,00 TL",KDV dahil (PDF: %20),"1.500,00 TL (fiyatlara dahil değil)",2026 YENİ MESLEKLİ ÜCRET TARİFESİ.pdf,3,İNŞAAT&İŞ MAKİNELERİ GRUBU,VERIFIED,"PDF ile tutarlı (fiyat, birim, sayfa, seviye, KDV, belge basım); bağlantı qualifications.manifest ile tutarlı",BEKLIYOR,UYGUN ADAY — yalnız kurum onayı sonrası (varsayılan: yayına ALINMAZ)
fee:insaat:2:insaat-iscisi,İnşaat İşçisi,2,insaat (İnşaat),16UY0253-2/00,İnşaat İşçisi [16UY0253-2/00],single,"Sınav ücreti: 9.000,00 TL",KDV dahil (PDF: %20),"1.500,00 TL (fiyatlara dahil değil)",2026 YENİ MESLEKLİ ÜCRET TARİFESİ.pdf,3,İNŞAAT&İŞ MAKİNELERİ GRUBU,VERIFIED,"PDF ile tutarlı (fiyat, birim, sayfa, seviye, KDV, belge basım); bağlantı qualifications.manifest ile tutarlı",BEKLIYOR,UYGUN ADAY — yalnız kurum onayı sonrası (varsayılan: yayına ALINMAZ)
fee:insaat:3:isi-yalitimcisi,Isı Yalıtımcısı,3,insaat (İnşaat),12UY0057-3/01,Isı Yalıtımcısı [12UY0057-3/01],single,"Sınav ücreti: 15.000,00 TL",KDV dahil (PDF: %20),"1.500,00 TL (fiyatlara dahil değil)",2026 YENİ MESLEKLİ ÜCRET TARİFESİ.pdf,3,İNŞAAT&İŞ MAKİNELERİ GRUBU,DECISION_REQUIRED,"[DECISION] ad: PDF ""ISI YALITIMCI"" ≠ manifest ""Isı Yalıtımcısı"" (PDF kısaltma/yazım farkı; manifest adı MYK yeterlilik adına dayanır)",BEKLIYOR,ENGEL: ad farkı kararı bekliyor
fee:insaat:3:iskele-kurulum-elemani,İskele Kurulum Elemanı,3,insaat (İnşaat),12UY0056-3/01,İskele Kurulum Elemanı [12UY0056-3/01],single,"Sınav ücreti: 13.500,00 TL",KDV dahil (PDF: %20),"1.500,00 TL (fiyatlara dahil değil)",2026 YENİ MESLEKLİ ÜCRET TARİFESİ.pdf,3,İNŞAAT&İŞ MAKİNELERİ GRUBU,VERIFIED,"PDF ile tutarlı (fiyat, birim, sayfa, seviye, KDV, belge basım); bağlantı qualifications.manifest ile tutarlı",BEKLIYOR,UYGUN ADAY — yalnız kurum onayı sonrası (varsayılan: yayına ALINMAZ)
fee:insaat:3:pvc-dograma-montajcisi,PVC Doğrama Montajcısı,3,insaat (İnşaat),14UY0195-3/00,PVC Doğrama Montajcısı [14UY0195-3/00],single,"Sınav ücreti: 14.500,00 TL",KDV dahil (PDF: %20),"1.500,00 TL (fiyatlara dahil değil)",2026 YENİ MESLEKLİ ÜCRET TARİFESİ.pdf,3,İNŞAAT&İŞ MAKİNELERİ GRUBU,VERIFIED,"PDF ile tutarlı (fiyat, birim, sayfa, seviye, KDV, belge basım); bağlantı qualifications.manifest ile tutarlı",BEKLIYOR,UYGUN ADAY — yalnız kurum onayı sonrası (varsayılan: yayına ALINMAZ)
fee:insaat:3:seramik-karo-kaplamacisi,Seramik Karo Kaplamacısı,3,insaat (İnşaat),12UY0051-3/01,Seramik Karo Kaplamacısı [12UY0051-3/01],single,"Sınav ücreti: 15.000,00 TL",KDV dahil (PDF: %20),"1.500,00 TL (fiyatlara dahil değil)",2026 YENİ MESLEKLİ ÜCRET TARİFESİ.pdf,3,İNŞAAT&İŞ MAKİNELERİ GRUBU,VERIFIED,"PDF ile tutarlı (fiyat, birim, sayfa, seviye, KDV, belge basım); bağlantı qualifications.manifest ile tutarlı",BEKLIYOR,UYGUN ADAY — yalnız kurum onayı sonrası (varsayılan: yayına ALINMAZ)
fee:insaat:3:sivaci,Sıvacı,3,insaat (İnşaat),11UY0024-3/02,Sıvacı [11UY0024-3/02],single,"Sınav ücreti: 15.000,00 TL",KDV dahil (PDF: %20),"1.500,00 TL (fiyatlara dahil değil)",2026 YENİ MESLEKLİ ÜCRET TARİFESİ.pdf,3,İNŞAAT&İŞ MAKİNELERİ GRUBU,VERIFIED,"PDF ile tutarlı (fiyat, birim, sayfa, seviye, KDV, belge basım); bağlantı qualifications.manifest ile tutarlı",BEKLIYOR,UYGUN ADAY — yalnız kurum onayı sonrası (varsayılan: yayına ALINMAZ)
fee:is-makineleri:3:kule-vinc-operatoru,Kule Vinç Operatörü,3,is-makineleri (İş Makineleri),,— (bağlantısız),single,"Sınav ücreti: 34.000,00 TL",KDV dahil (PDF: %20),"1.500,00 TL (fiyatlara dahil değil)",2026 YENİ MESLEKLİ ÜCRET TARİFESİ.pdf,3,İŞ MAKİNELERİ GRUBU,DECISION_REQUIRED,"[DECISION] MYK kodu yok: PDF'lerde MYK kodu sütunu yok, manifest bilinçli olarak bağlantısız (qualification_source_key=null)",BEKLIYOR,ENGEL: MYK kodu/bağlantı kararı bekliyor
fee:is-makineleri:3:ekskavator-operatoru,Ekskavatör Operatörü,3,is-makineleri (İş Makineleri),,— (bağlantısız),single,"Sınav ücreti: 31.000,00 TL",KDV dahil (PDF: %20),"1.500,00 TL (fiyatlara dahil değil)",2026 YENİ MESLEKLİ ÜCRET TARİFESİ.pdf,3,İŞ MAKİNELERİ GRUBU,DECISION_REQUIRED,"[DECISION] MYK kodu yok: PDF'lerde MYK kodu sütunu yok, manifest bilinçli olarak bağlantısız (qualification_source_key=null)",BEKLIYOR,ENGEL: MYK kodu/bağlantı kararı bekliyor
fee:is-makineleri:3:mobil-vinc-operatoru-is-makineleri-grubu,Mobil Vinç Operatörü (İş Makineleri Grubu),3,is-makineleri (İş Makineleri),12UY0061-3/04,Mobil Vinç Operatörü [12UY0061-3/04],single,"Sınav ücreti: 9.500,00 TL",KDV dahil (PDF: %20),"1.500,00 TL (fiyatlara dahil değil)",2026 YENİ MESLEKLİ ÜCRET TARİFESİ.pdf,3,İŞ MAKİNELERİ GRUBU,DECISION_REQUIRED,"[DECISION] ad: PDF ""MOBİL VİNÇ OPERATÖRÜ"" ≠ manifest ""Mobil Vinç Operatörü (İş Makineleri Grubu)"" (PDF kısaltma/yazım farkı; manifest adı MYK yeterlilik adına dayanır) ;; [INFO] ücret adı yeterlilik adına parantez ayrımı ekler: ""Mobil Vinç Operatörü (İş Makineleri Grubu)"" ↔ yeterlilik ""Mobil Vinç Operatörü"" ;; [DECISION] aynı yeterliliğe (12UY0061-3/04) 2 ücret kaydı bağlı; yeterlilik detayında hangisinin gösterileceği kurum kararı gerektirir",BEKLIYOR,ENGEL: ad farkı kararı bekliyor
fee:is-makineleri:3:kazici-yukleyici-beko-loder-operatoru,Kazıcı Yükleyici (Beko Loder) Operatörü,3,is-makineleri (İş Makineleri),,— (bağlantısız),single,"Sınav ücreti: 23.000,00 TL",KDV dahil (PDF: %20),"1.500,00 TL (fiyatlara dahil değil)",2026 YENİ MESLEKLİ ÜCRET TARİFESİ.pdf,3,İŞ MAKİNELERİ GRUBU,DECISION_REQUIRED,"[DECISION] ad: PDF ""KAZICI YÜKLEYİCİ (Beko Loder) OPERAÖTÜRÜ"" ≠ manifest ""Kazıcı Yükleyici (Beko Loder) Operatörü"" (PDF kısaltma/yazım farkı; manifest adı MYK yeterlilik adına dayanır) ;; [DECISION] MYK kodu yok: PDF'lerde MYK kodu sütunu yok, manifest bilinçli olarak bağlantısız (qualification_source_key=null)",BEKLIYOR,ENGEL: MYK kodu/bağlantı kararı bekliyor; ad farkı kararı bekliyor
fee:is-makineleri:3:beton-santral-operatoru,Beton Santral Operatörü,3,is-makineleri (İş Makineleri),,— (bağlantısız),single,"Sınav ücreti: 33.000,00 TL",KDV dahil (PDF: %20),"1.500,00 TL (fiyatlara dahil değil)",2026 YENİ MESLEKLİ ÜCRET TARİFESİ.pdf,3,İŞ MAKİNELERİ GRUBU,DECISION_REQUIRED,"[DECISION] MYK kodu yok: PDF'lerde MYK kodu sütunu yok, manifest bilinçli olarak bağlantısız (qualification_source_key=null)",BEKLIYOR,ENGEL: MYK kodu/bağlantı kararı bekliyor
fee:is-makineleri:3:beton-transmikser-operatoru,Beton Transmikser Operatörü,3,is-makineleri (İş Makineleri),,— (bağlantısız),single,"Sınav ücreti: 30.000,00 TL",KDV dahil (PDF: %20),"1.500,00 TL (fiyatlara dahil değil)",2026 YENİ MESLEKLİ ÜCRET TARİFESİ.pdf,3,İŞ MAKİNELERİ GRUBU,DECISION_REQUIRED,"[DECISION] MYK kodu yok: PDF'lerde MYK kodu sütunu yok, manifest bilinçli olarak bağlantısız (qualification_source_key=null)",BEKLIYOR,ENGEL: MYK kodu/bağlantı kararı bekliyor
fee:is-makineleri:3:beton-pompa-operatoru,Beton Pompa Operatörü,3,is-makineleri (İş Makineleri),,— (bağlantısız),single,"Sınav ücreti: 31.500,00 TL",KDV dahil (PDF: %20),"1.500,00 TL (fiyatlara dahil değil)",2026 YENİ MESLEKLİ ÜCRET TARİFESİ.pdf,3,İŞ MAKİNELERİ GRUBU,DECISION_REQUIRED,"[DECISION] MYK kodu yok: PDF'lerde MYK kodu sütunu yok, manifest bilinçli olarak bağlantısız (qualification_source_key=null)",BEKLIYOR,ENGEL: MYK kodu/bağlantı kararı bekliyor
fee:tekstil:3:on-terbiye-operatoru,Ön Terbiye Operatörü,3,tekstil (Tekstil),13UY0139-3/01,Ön Terbiye Operatörü [13UY0139-3/01],single,"Tek birim (B1-Yakma, B2-Yıkama, B3-Merserizasyon, B4-Karbonizasyon, B5-Ağartma, B6-Haşıl Sökme): 12.200,00 TL",KDV dahil (PDF: %20),"1.500,00 TL (fiyatlara dahil değil)",2026 YENİ MESLEKLİ ÜCRET TARİFESİ.pdf,4,TEKSTİL GRUBU,VERIFIED,"PDF ile tutarlı (fiyat, birim, sayfa, seviye, KDV, belge basım); bağlantı qualifications.manifest ile tutarlı",BEKLIYOR,UYGUN ADAY — yalnız kurum onayı sonrası (varsayılan: yayına ALINMAZ)
fee:tekstil:3:boyama-operatoru,Boyama Operatörü,3,tekstil (Tekstil),13UY0138-3/01,Boyama Operatörü [13UY0138-3/01],single,"Tek birim (B1-Bobin, B2-Çile, B3-Elyaf-Tops, B4-Jet, B5-Jigger, B6-Pad-Batch, B7-Pad-Steam, B8-Parça Boyama): 7.800,00 TL",KDV dahil (PDF: %20),"1.500,00 TL (fiyatlara dahil değil)",2026 YENİ MESLEKLİ ÜCRET TARİFESİ.pdf,4,TEKSTİL GRUBU,VERIFIED,"PDF ile tutarlı (fiyat, birim, sayfa, seviye, KDV, belge basım); bağlantı qualifications.manifest ile tutarlı",BEKLIYOR,UYGUN ADAY — yalnız kurum onayı sonrası (varsayılan: yayına ALINMAZ)
fee:tekstil:3:bitim-islemleri-operatoru,Bitim İşlemleri Operatörü,3,tekstil (Tekstil),13UY0137-3/01,Bitim İşlemleri Operatörü [13UY0137-3/01],unit,"B1-Dekatür: 7.800,00 TL | B2-Kalandır: 7.800,00 TL | B3-Sanfor: 7.800,00 TL | B4-Şardon: 7.800,00 TL | B5-Traşlama: 7.800,00 TL | B6-Zımpara: 7.800,00 TL | B7-Lisa: 7.800,00 TL | B8-Balon Sıkma: 7.800,00 TL | B9-Santrifuj: 9.000,00 TL | B10-Fikse: 7.800,00 TL | B11-Kurutma: 7.800,00 TL | B12-Dinkleme: 7.800,00 TL | B13-Ram: 7.800,00 TL | B14-Kaplama: 7.800,00 TL",KDV dahil (PDF: %20),"1.500,00 TL (fiyatlara dahil değil)",2026 YENİ MESLEKLİ ÜCRET TARİFESİ.pdf,4,TEKSTİL GRUBU,VERIFIED,"PDF ile tutarlı (fiyat, birim, sayfa, seviye, KDV, belge basım); bağlantı qualifications.manifest ile tutarlı",BEKLIYOR,UYGUN ADAY — yalnız kurum onayı sonrası (varsayılan: yayına ALINMAZ)
fee:tekstil:3:on-iplik-operatoru,Ön İplik Operatörü,3,tekstil (Tekstil),11UY0039-3/02,Ön İplik Operatörü [11UY0039-3/02],single,"Tek birim (B1-B9 hazırlık/şerit/fitil birimlerinden seçime göre): 7.800,00 TL",KDV dahil (PDF: %20),"1.500,00 TL (fiyatlara dahil değil)",2026 YENİ MESLEKLİ ÜCRET TARİFESİ.pdf,4,TEKSTİL GRUBU,VERIFIED,"PDF ile tutarlı (fiyat, birim, sayfa, seviye, KDV, belge basım); bağlantı qualifications.manifest ile tutarlı",BEKLIYOR,UYGUN ADAY — yalnız kurum onayı sonrası (varsayılan: yayına ALINMAZ)
fee:tekstil:2:iplik-egirme-operatoru,İplik Eğirme Operatörü,2,tekstil (Tekstil),11UY0037-2/01,İplik Eğirme Operatörü [11UY0037-2/01],single,"Tek birim (B1-Ring, B2-Open End, B3-Hava Jetli İplik Eğirme): 6.500,00 TL",KDV dahil (PDF: %20),"1.500,00 TL (fiyatlara dahil değil)",2026 YENİ MESLEKLİ ÜCRET TARİFESİ.pdf,4,TEKSTİL GRUBU,VERIFIED,"PDF ile tutarlı (fiyat, birim, sayfa, seviye, KDV, belge basım); bağlantı qualifications.manifest ile tutarlı",BEKLIYOR,UYGUN ADAY — yalnız kurum onayı sonrası (varsayılan: yayına ALINMAZ)
fee:tekstil:2:iplik-bitim-isleri-operatoru,İplik Bitim İşleri Operatörü,2,tekstil (Tekstil),11UY0036-2/01,İplik Bitim İşleri Operatörü [11UY0036-2/01],single,"Tek birim (B1-Bobinleme, B2-Katlama, B3-Büküm, B4-Fikseleme): 6.500,00 TL",KDV dahil (PDF: %20),"1.500,00 TL (fiyatlara dahil değil)",2026 YENİ MESLEKLİ ÜCRET TARİFESİ.pdf,4,TEKSTİL GRUBU,VERIFIED,"PDF ile tutarlı (fiyat, birim, sayfa, seviye, KDV, belge basım); bağlantı qualifications.manifest ile tutarlı",BEKLIYOR,UYGUN ADAY — yalnız kurum onayı sonrası (varsayılan: yayına ALINMAZ)
fee:tekstil:3:dokuma-operatoru,Dokuma Operatörü,3,tekstil (Tekstil),,— (bağlantısız),single,"Sınav ücreti: 6.450,00 TL",KDV dahil (PDF: %20),"1.500,00 TL (fiyatlara dahil değil)",2026 YENİ MESLEKLİ ÜCRET TARİFESİ.pdf,4,TEKSTİL GRUBU,DECISION_REQUIRED,"[DECISION] MYK kodu yok: PDF'lerde MYK kodu sütunu yok, manifest bilinçli olarak bağlantısız (qualification_source_key=null)",BEKLIYOR,ENGEL: MYK kodu/bağlantı kararı bekliyor
fee:tekstil:4:dokuma-operatoru,Dokuma Operatörü,4,tekstil (Tekstil),,— (bağlantısız),single,"Sınav ücreti: 8.400,00 TL",KDV dahil (PDF: %20),"1.500,00 TL (fiyatlara dahil değil)",2026 YENİ MESLEKLİ ÜCRET TARİFESİ.pdf,4,TEKSTİL GRUBU,DECISION_REQUIRED,"[DECISION] MYK kodu yok: PDF'lerde MYK kodu sütunu yok, manifest bilinçli olarak bağlantısız (qualification_source_key=null)",BEKLIYOR,ENGEL: MYK kodu/bağlantı kararı bekliyor
fee:tekstil:3:tahar-operatoru,Tahar Operatörü,3,tekstil (Tekstil),,— (bağlantısız),unit,"B1-El ile Tahar Yapma: 7.800,00 TL | B2-Makine ile Tahar Yapma: 8.400,00 TL | B3-Çözgü İpliği Düğümleme: 7.800,00 TL | B4-Jakar Dizilimi Yapma: 8.400,00 TL",KDV dahil (PDF: %20),"1.500,00 TL (fiyatlara dahil değil)",2026 YENİ MESLEKLİ ÜCRET TARİFESİ.pdf,4,TEKSTİL GRUBU,DECISION_REQUIRED,"[DECISION] MYK kodu yok: PDF'lerde MYK kodu sütunu yok, manifest bilinçli olarak bağlantısız (qualification_source_key=null)",BEKLIYOR,ENGEL: MYK kodu/bağlantı kararı bekliyor
fee:tekstil:3:cozgu-operatoru,Çözgü Operatörü,3,tekstil (Tekstil),,— (bağlantısız),single,"Tek birim (B1-Seri, B2-Konik Çözgü Hazırlama, B3-Haşıllama, B4-Halat Sarma, B5-Halat Açma): 7.125,00 TL",KDV dahil (PDF: %20),"1.500,00 TL (fiyatlara dahil değil)",2026 YENİ MESLEKLİ ÜCRET TARİFESİ.pdf,4,TEKSTİL GRUBU,DECISION_REQUIRED,"[DECISION] MYK kodu yok: PDF'lerde MYK kodu sütunu yok, manifest bilinçli olarak bağlantısız (qualification_source_key=null)",BEKLIYOR,ENGEL: MYK kodu/bağlantı kararı bekliyor
fee:tekstil:4:orme-operatoru,Örme Operatörü,4,tekstil (Tekstil),,— (bağlantısız),unit,"B1-Raşel/Trikot Örme: 8.400,00 TL | B2-Kroşet Örme: 7.125,00 TL | B3-Yuvarlak Örme: 7.800,00 TL | B4-Düz (Triko) Örme: 7.800,00 TL | B5-Çorap Örme: 7.125,00 TL",KDV dahil (PDF: %20),"1.500,00 TL (fiyatlara dahil değil)",2026 YENİ MESLEKLİ ÜCRET TARİFESİ.pdf,4,TEKSTİL GRUBU,DECISION_REQUIRED,"[DECISION] MYK kodu yok: PDF'lerde MYK kodu sütunu yok, manifest bilinçli olarak bağlantısız (qualification_source_key=null)",BEKLIYOR,ENGEL: MYK kodu/bağlantı kararı bekliyor
fee:tekstil:3:cozgulu-orme-operatoru,Çözgülü Örme Operatörü,3,tekstil (Tekstil),,— (bağlantısız),unit,"B1-Raşel/Trikot Örme: 7.125,00 TL | B2-Kroşet Örme: 7.125,00 TL",KDV dahil (PDF: %20),"1.500,00 TL (fiyatlara dahil değil)",2026 YENİ MESLEKLİ ÜCRET TARİFESİ.pdf,4,TEKSTİL GRUBU,DECISION_REQUIRED,"[DECISION] MYK kodu yok: PDF'lerde MYK kodu sütunu yok, manifest bilinçli olarak bağlantısız (qualification_source_key=null)",BEKLIYOR,ENGEL: MYK kodu/bağlantı kararı bekliyor
fee:tekstil:3:atkili-orme-operatoru,Atkılı Örme Operatörü,3,tekstil (Tekstil),,— (bağlantısız),unit,"B1-Yuvarlak Örme: 6.525,00 TL | B2-Düz (Triko) Örme: 6.525,00 TL | B3-Çorap Örme: 6.525,00 TL",KDV dahil (PDF: %20),"1.500,00 TL (fiyatlara dahil değil)",2026 YENİ MESLEKLİ ÜCRET TARİFESİ.pdf,4,TEKSTİL GRUBU,DECISION_REQUIRED,"[DECISION] MYK kodu yok: PDF'lerde MYK kodu sütunu yok, manifest bilinçli olarak bağlantısız (qualification_source_key=null)",BEKLIYOR,ENGEL: MYK kodu/bağlantı kararı bekliyor
